id,target
4873,3
1216,3
1063,1
3118,3
2321,3
2200,2
4469,1
2322,2
3823,2
6140,4
7542,4
2588,4
3599,3
5943,3
4155,1
1039,1
1507,0
1029,0
5291,3
7001,4
3897,3
1913,3
1535,3
3555,4
533,4
4801,0
753,3
2501,4
4100,1
1769,2
5347,4
2188,4
6598,2
167,0
67,1
720,3
1316,1
2900,1
7356,2
2858,3
4565,1
5982,0
7302,0
6079,0
2856,3
6975,3
6091,1
1117,4
4773,4
2717,3
1786,2
4852,2
5158,3
2881,3
3030,4
5223,1
7402,4
3913,3
2277,2
5208,3
4847,0
4684,3
4780,2
4356,3
907,2
1454,3
1800,1
4840,2
1399,4
1549,1
4209,1
7372,4
1938,4
6446,4
6626,2
3845,4
5959,0
2394,2
4526,4
2757,3
7598,1
5318,0
4399,1
5243,0
403,2
1052,4
7209,4
4975,2
2671,3
1227,0
1254,4
1288,0
3348,2
7317,4
2423,1
2893,4
4764,2
3773,3
3541,1
7537,2
1488,2
3653,4
5919,2
342,0
165,2
2261,4
6103,3
341,4
4123,4
1427,3
1239,4
1683,4
2280,2
7546,3
3883,1
6310,3
6904,4
6758,3
6614,4
163,0
519,2
6632,2
3470,3
2545,3
1188,3
6663,1
2448,3
155,4
2297,2
3020,3
2976,4
242,3
726,3
3010,2
3640,4
6055,3
5059,4
5030,0
2328,3
2159,2
5249,1
912,4
509,4
1395,1
340,3
1541,2
2411,0
1857,3
3505,4
1838,3
2728,1
6645,2
4057,0
3275,2
5986,2
4320,1
7566,4
6020,2
5260,3
5146,1
1860,0
1544,1
5335,1
4514,4
6511,4
3847,3
4055,1
7583,1
7041,3
3938,3
6252,2
6572,4
763,4
1262,3
3985,2
3484,1
7473,4
383,4
1072,3
7003,3
3364,4
1718,3
3266,1
3252,3
1821,2
3069,3
2941,4
2293,3
4720,1
3204,3
7354,4
2993,2
3807,2
3790,0
5854,1
53,1
2693,1
1352,2
6327,0
4085,4
5963,2
7394,2
330,4
4380,3
908,0
711,4
4787,3
7461,2
7201,3
1579,3
7491,1
7443,1
3187,4
743,2
2398,1
5242,2
7130,4
5875,4
5936,0
3186,4
2668,3
5531,2
3645,1
3435,1
1417,0
9,1
213,0
2552,2
4391,1
4935,1
3478,0
2778,4
7572,3
2329,0
6727,3
1954,4
5909,1
4933,3
3331,3
1984,2
2953,4
1915,2
645,2
1419,4
7326,4
6269,2
2994,0
6036,4
2386,4
5511,3
87,0
5282,4
348,3
3194,2
7079,4
435,3
5610,4
1962,1
2505,2
270,0
2410,3
3471,2
6432,0
3449,2
3662,3
5353,0
3639,1
2790,0
5095,2
2996,4
413,2
3917,4
3687,4
95,3
3550,0
3710,0
654,3
842,4
3723,2
1170,3
4364,3
1368,4
1934,1
6872,4
1017,3
6664,3
5513,3
2555,3
2463,3
2418,3
3714,2
1965,2
5395,1
1173,3
3970,2
1150,3
976,1
1319,1
169,2
69,3
5465,4
1568,4
296,3
7393,1
981,2
3808,1
4198,2
3089,2
3366,2
1137,1
6221,2
1907,4
7362,3
3870,4
4507,1
1510,4
3971,4
1783,3
1253,2
5810,2
850,4
2272,1
3281,3
4779,1
1582,3
3996,3
5235,4
6634,3
5761,1
2166,1
2080,2
6699,4
1777,3
4161,4
6592,1
5165,4
7067,3
1249,1
7190,4
6344,1
2473,4
3296,0
4437,1
4167,1
2102,0
238,2
6295,0
249,4
4191,3
3575,0
1010,4
5161,3
4683,2
4842,1
5262,4
4915,3
219,0
4373,1
5726,0
4270,1
6505,2
3939,2
4210,0
2064,4
6325,2
7590,3
6918,3
3895,1
3274,1
2637,3
1971,3
2475,4
3202,4
3189,3
4275,1
7396,3
6354,2
7210,2
6940,4
1893,3
1355,2
6211,1
2474,1
7191,3
4910,1
5330,3
5293,1
4668,2
2317,2
1872,2
5373,3
5369,4
1523,4
588,4
7432,3
6440,4
2730,4
5475,1
4461,4
6898,0
7319,2
477,4
556,1
4805,2
3181,1
2929,3
684,3
3243,1
1428,4
7105,3
3688,3
7557,4
5743,2
2000,0
564,2
5415,4
1194,2
6169,0
1996,1
2416,3
1914,1
2876,3
1317,1
6270,2
3561,2
5155,1
7306,4
6610,0
2763,2
5971,3
6179,1
2380,3
980,1
3092,4
3375,3
3558,2
2287,4
870,3
1697,3
3129,3
2863,3
4699,2
5301,4
4342,4
4450,3
3225,4
6137,3
5021,1
7376,4
3260,3
7277,4
6991,4
6894,1
2969,2
2729,2
6828,4
7272,1
5992,2
1475,1
4540,4
6093,4
6384,3
280,4
2562,4
6635,3
2073,4
27,1
307,4
4580,0
2950,0
5412,0
4640,3
6399,4
5961,2
1343,3
5731,2
5809,1
2300,2
5410,2
3169,2
7151,4
3190,2
3669,4
2119,2
7448,1
2664,2
4953,1
7104,0
3403,2
3167,0
7469,3
5996,2
4993,4
5218,1
1898,1
582,4
3731,3
4143,1
5568,2
699,4
2570,3
6846,4
4897,1
144,1
1221,2
1607,2
7184,1
6785,4
3369,1
4178,2
2131,1
5848,4
221,4
4078,1
774,3
5985,1
6477,2
3412,4
5084,4
5076,4
5046,3
6979,3
5023,4
3113,3
4197,4
6064,4
5647,2
6217,4
2536,3
1603,4
4843,1
7110,1
2422,4
1004,3
4291,4
6389,3
2645,1
269,0
110,2
4566,3
2610,1
2791,3
4403,3
7250,0
4376,0
4397,2
3510,4
5048,4
32,4
6955,3
6917,4
4609,2
4464,1
7553,1
776,2
527,2
2464,3
4241,4
7386,4
1773,2
6208,1
7449,4
669,3
993,2
7380,2
1409,3
5545,4
2012,0
6201,2
642,4
5699,4
7305,2
4407,2
4548,1
6842,1
1422,0
6880,1
4923,3
486,4
3335,1
3371,4
1332,4
4473,3
6588,3
3158,3
6302,2
5348,1
6176,2
7365,4
5331,4
2662,2
457,3
6447,2
139,2
215,4
6279,4
4449,3
484,3
4610,3
1014,4
79,0
1674,0
365,4
4768,1
607,1
4706,3
4433,4
3197,2
631,3
5229,2
5450,4
4669,4
4120,2
1439,1
3892,2
6015,2
6822,4
1336,4
7084,4
4278,2
1256,1
1071,4
7568,2
6790,2
1369,3
7401,2
6869,4
5446,4
4289,2
1408,1
7046,1
6083,4
5537,3
6779,3
5467,1
6524,4
992,2
5631,1
2426,3
2348,4
3242,1
7441,1
2617,1
2153,1
7025,3
4470,2
6793,4
1212,1
312,1
301,2
6501,4
6585,3
1423,2
4169,3
256,2
5376,2
4857,2
6655,0
5313,4
458,3
3776,3
877,4
5970,2
4497,2
7040,2
1376,3
6487,1
6101,4
1069,3
3660,3
3609,2
6331,3
2907,3
638,1
1268,2
80,2
4329,1
2547,1
3536,3
5934,3
4997,0
3153,0
4294,1
2168,0
5266,3
3176,4
3285,4
4269,3
1199,0
6574,3
4455,0
4164,3
4344,3
4588,4
1806,4
6081,3
4844,2
5230,2
3540,0
7293,3
6117,2
4080,0
2301,0
5451,0
2046,4
1688,2
3665,2
4647,4
3023,0
5490,0
2736,3
4823,3
4490,1
4011,1
7224,4
1518,3
277,0
7102,2
3177,0
380,2
7299,1
6065,4
6854,3
5787,2
1616,1
7360,2
5150,4
3323,3
727,2
370,2
7176,3
2084,4
6035,1
1851,2
4052,3
6761,4
4297,1
1015,1
3729,0
5681,3
6696,1
2257,4
3150,3
6915,2
6930,4
6244,4
1746,3
226,4
4240,1
289,2
85,1
140,2
6935,3
880,2
5773,3
865,3
6713,4
3783,1
5459,1
2266,0
7197,4
3148,4
4595,3
4237,2
1085,2
6902,3
6627,2
676,2
3565,3
6579,2
5471,3
3212,4
1562,2
3350,1
5882,4
3871,3
7374,2
6653,1
705,1
7391,4
2724,3
1636,3
7331,4
5605,1
7304,2
6896,1
6604,0
35,3
4504,3
1043,0
2975,3
4104,3
7188,3
1429,2
3876,4
7417,3
3333,3
2284,3
4465,2
4147,3
2361,0
7369,4
977,2
7327,2
1247,4
1917,2
5808,0
3953,1
4262,3
3273,0
5356,0
382,3
6808,3
864,2
6701,3
2639,3
4736,1
5292,0
3226,3
6546,3
71,4
4395,0
3579,4
3057,0
3111,4
4413,4
736,4
2909,1
1149,2
5295,3
4631,4
2003,3
3893,4
528,4
4532,1
2979,2
5117,4
4908,4
1557,2
7118,2
3742,4
55,2
871,3
3105,0
2249,0
3637,4
3930,1
7181,3
485,2
6078,2
1287,4
2788,0
3857,2
1506,2
3941,2
1677,4
5443,3
7558,2
4907,1
3496,4
3445,2
830,4
3881,4
1700,4
2897,2
5202,3
7349,0
4517,1
5080,0
5340,2
4146,4
7434,2
761,3
2973,3
6628,3
3932,2
1237,3
3927,3
1791,3
3453,3
1061,3
1768,2
4023,4
3586,3
4134,2
5190,2
6783,2
6166,1
6553,4
4533,1
6249,4
5020,2
4932,3
324,2
795,0
2793,3
4553,0
3140,1
4168,0
3343,1
3308,4
492,2
1927,1
4952,2
3784,0
725,2
7451,4
5908,3
5900,4
7089,0
1660,2
5713,3
4562,4
909,3
5917,4
3821,3
34,4
405,4
3103,1
3387,2
470,3
7206,0
7049,1
3388,0
4101,1
6751,2
416,2
5145,1
1889,2
793,3
7330,2
3533,1
1593,3
3977,4
5113,2
6763,1
6929,4
2112,0
7595,3
5962,2
2556,4
1407,4
6151,3
1998,4
1144,3
932,4
3244,4
6624,3
6077,3
1030,1
3033,2
946,2
4677,3
306,3
6834,4
2469,3
7534,0
988,4
5350,0
5070,2
2506,4
4894,2
6697,1
2202,2
6677,0
1566,3
1635,0
3309,4
1320,4
5858,3
3643,3
3686,4
5246,2
555,2
3915,3
4,1
2948,1
6443,3
3515,1
4323,4
7095,1
6206,2
5980,3
4716,1
205,4
2083,3
4515,4
5667,2
6516,2
2443,0
2751,4
3408,1
7533,0
1101,1
260,2
3756,4
6158,3
83,4
2291,3
5032,2
5849,3
4242,0
6124,3
2945,3
3424,2
546,4
3668,2
4961,4
2604,4
5772,4
196,3
5096,2
4353,2
1103,2
4141,4
3794,3
7577,3
6298,2
4244,2
4520,1
3000,2
5806,1
2524,2
658,0
3874,3
7398,3
3508,3
3518,3
4007,1
5184,2
1219,0
4760,0
1257,3
7153,4
261,1
2631,3
2433,1
863,4
7018,0
7236,4
2640,3
3329,1
7422,1
7238,4
5819,3
1575,1
1553,3
4896,3
5392,4
5255,2
1372,4
1215,2
5759,3
6709,1
6818,0
323,1
216,3
7580,3
6273,2
3099,4
4808,3
5285,4
6060,1
7256,3
6043,4
123,4
3312,3
6349,2
3045,2
5804,0
1197,2
2613,3
5991,4
5268,1
2353,1
2368,3
4331,4
4635,4
998,4
5878,3
3441,2
7435,0
3667,3
4031,2
5814,2
1059,2
5717,3
122,2
610,0
7141,3
4383,2
3824,0
7081,1
545,1
6820,3
3887,4
5009,1
5888,3
2347,3
5273,3
1383,3
3872,4
1621,3
5029,4
322,1
597,1
6326,1
2357,3
1303,1
4652,1
2886,3
1471,1
7111,4
3528,2
5493,0
596,4
6388,1
3744,4
3425,3
4680,2
1668,4
5777,4
3504,3
5453,0
1455,1
6057,4
2532,0
1499,3
891,4
2883,1
3119,3
5871,1
5645,1
4046,1
1023,1
4762,1
2458,2
4958,4
6905,4
7524,3
6886,0
2130,3
6227,4
2061,4
3750,3
4060,1
2622,0
879,3
3443,2
5918,3
3205,2
2603,3
2754,4
5522,0
4096,3
3039,4
5649,3
4551,0
7017,1
3328,3
5863,3
804,4
5572,1
6393,0
6749,0
7308,2
4409,3
2339,4
6811,0
7138,3
3781,4
1755,4
6449,3
255,2
6850,1
609,0
6948,4
537,1
248,0
3905,3
5904,3
3283,4
5838,2
4084,2
1397,2
1631,4
1362,3
3811,4
4972,4
4568,3
1283,1
358,3
5390,2
2629,4
6258,3
4375,1
2230,1
6673,4
7581,4
429,3
276,4
2014,3
2964,1
691,2
2910,3
313,3
166,4
4349,1
4534,4
1000,2
3816,4
2068,2
4727,4
3559,4
1314,4
2106,2
3772,4
1641,1
1384,4
1928,3
4234,0
1284,2
647,2
4372,2
3121,4
3616,4
7204,3
3237,4
2618,2
185,3
5688,2
5700,2
3171,0
2352,3
777,0
7192,3
7082,3
6268,2
5915,2
6203,2
897,4
5940,2
6021,2
3860,0
5342,2
3656,4
121,2
6264,3
274,2
2271,4
1659,0
5758,2
5942,4
1450,1
5612,4
7455,3
7125,2
7231,4
2995,2
4622,2
3534,4
4360,1
3796,1
3542,2
4127,1
3040,4
5835,3
1024,0
319,0
552,4
3279,2
1632,0
5240,0
2360,0
4600,3
4359,0
1672,2
6122,1
133,4
652,0
522,4
4189,3
3141,4
4884,0
4074,1
6522,4
5532,0
6870,4
2013,3
4281,2
944,1
4099,0
3603,3
4014,2
3987,2
6461,4
4642,2
5361,2
4426,0
2054,0
7464,4
1145,0
2748,2
3284,0
3998,2
6106,2
2916,3
5425,2
6005,1
1630,1
6500,3
5851,1
6591,4
2077,2
828,1
2241,1
107,1
2037,4
440,2
1598,1
3698,4
3215,0
1713,0
800,4
3610,2
2810,4
1086,4
6832,3
5374,2
5227,4
5141,1
1190,0
2343,3
4306,2
4740,1
4439,0
4047,3
1788,1
5384,4
4542,4
5562,1
2612,3
7051,4
972,0
7416,4
5574,4
7421,2
5133,3
6891,2
749,4
3179,4
1775,3
2413,3
5077,1
66,2
132,4
5270,3
3489,2
5528,2
6370,2
3553,4
6484,0
7058,3
268,2
6136,2
2965,3
1222,4
4937,0
7415,1
3254,4
1504,2
6921,2
5530,3
659,1
2396,2
2660,4
5086,2
6864,0
7183,4
4194,3
2488,4
5850,1
4982,0
7397,4
6508,0
4582,3
6544,4
6329,1
6040,0
6570,4
5554,1
7296,3
3681,3
6619,2
5671,0
3433,1
6676,1
6485,0
7507,4
3267,2
6564,3
5636,3
3582,4
22,2
1588,3
1309,4
3593,2
1815,0
6776,1
3856,4
3263,4
3026,3
4312,3
6429,4
3726,2
3521,3
4206,0
1127,1
1992,2
3219,4
2828,2
5802,2
2921,2
126,3
6061,0
5438,1
4126,0
1807,1
6361,4
131,1
4220,1
3430,0
7114,3
480,4
5860,2
7106,4
5853,1
5391,2
308,0
5750,1
1618,1
1189,2
868,0
4350,2
6442,0
1012,4
2005,3
787,2
5655,3
2481,1
5323,3
6212,3
4149,2
5978,1
5826,4
3332,4
786,4
4671,0
398,1
5413,2
3075,1
796,2
954,1
6767,3
3700,3
5571,4
3402,1
7048,1
4496,1
818,0
6246,4
311,1
1265,4
7243,1
443,3
1964,3
2702,1
6154,2
1092,4
2823,4
3945,0
6889,0
4545,3
1848,1
1740,4
3699,3
4160,1
1187,2
6961,3
4921,4
2626,2
5151,0
2773,1
334,2
5653,2
3032,2
346,3
7093,0
2493,3
2633,1
1279,4
2001,0
3154,4
2657,1
197,3
6148,2
1106,4
1036,3
3661,2
5106,0
3477,3
3851,1
143,3
184,2
3962,3
5398,0
2310,0
4133,1
2795,3
1038,4
3294,1
6164,1
6742,3
5381,2
5607,3
3491,4
2121,2
3034,3
6189,4
4774,1
5727,2
5639,2
707,0
212,4
662,4
4474,4
1382,1
3218,2
5441,3
4781,0
6156,3
3480,2
6873,2
4694,3
3339,1
4345,4
33,1
3676,3
3624,2
1854,0
2752,3
4362,2
3051,4
7337,0
5073,1
1232,1
4175,1
985,4
6011,1
6600,0
1537,1
5833,1
689,4
460,0
5950,0
4257,1
3138,3
5505,2
6518,4
283,3
6531,4
2318,0
4511,4
7037,0
5062,4
4389,2
3047,4
6670,4
5078,1
803,3
6403,1
7515,3
6394,1
2371,2
4022,3
1750,0
450,2
1887,2
641,0
4378,2
1479,3
3025,1
1040,3
1716,1
1460,4
1465,1
201,3
1306,3
1260,4
4392,4
507,1
6839,1
5779,2
6318,3
5566,4
1444,2
4922,4
2124,1
3392,1
2406,3
2903,1
4845,1
2737,4
7358,2
1731,4
978,2
1416,3
2337,4
3801,1
6087,1
5818,0
1585,2
2528,1
5001,3
6782,2
4556,3
329,2
2630,3
3196,2
2990,3
866,2
917,1
6090,2
5407,2
1870,4
7589,2
7239,0
1846,2
4900,1
1695,3
2866,3
4468,0
7198,4
6755,1
7186,3
5525,2
5932,2
5332,4
1492,4
6006,4
6351,4
452,0
1011,4
6525,2
4404,3
5174,3
2496,3
5012,0
1784,0
4476,0
3191,1
5311,3
1959,2
5098,0
2642,3
4719,1
1501,4
3501,3
94,3
667,1
6683,3
5692,3
364,2
3880,1
6563,0
232,2
3779,3
1551,1
7446,1
7564,0
4616,0
2139,4
2235,4
6271,4
6144,1
90,2
2240,2
4090,4
5587,3
2942,3
2362,4
5990,3
5116,1
1963,0
1005,2
3785,0
3265,2
1107,0
499,0
4944,3
3984,2
2092,3
7480,3
1681,3
5533,0
5160,4
7255,4
2065,3
2365,1
7211,1
6668,1
4999,1
6171,3
5716,2
1520,1
2211,3
2018,4
4989,4
2848,0
5876,4
5822,1
7495,1
7514,4
6698,2
6089,3
2483,0
5403,2
3900,3
6259,1
4615,1
4810,3
1210,2
284,4
5300,4
2126,0
4649,4
105,3
5606,1
7175,4
4938,3
1878,2
4829,3
4612,2
2174,4
4140,2
371,2
5214,1
3349,4
1526,1
4686,2
3027,2
1094,1
3767,2
3456,4
3633,0
3833,3
1679,3
4759,2
713,0
4292,2
3168,1
2145,2
3728,4
2783,0
4983,4
1432,1
2760,4
801,2
6177,3
1766,3
1346,3
6669,2
2855,1
1989,0
614,2
3722,3
7323,4
125,0
7297,3
374,3
5705,4
680,4
3065,3
421,1
137,1
6529,4
3066,1
3009,2
7320,2
5056,3
5577,2
6368,2
5739,3
6214,0
4264,3
7287,4
1296,4
6379,4
4447,0
7406,3
222,4
6860,0
368,1
5757,3
1764,3
4539,3
3048,0
4446,1
7332,2
3753,4
2010,0
1196,0
4967,2
4621,2
4246,3
1862,1
188,0
6149,3
3076,4
4685,2
3670,1
3064,3
6648,4
7085,0
2533,2
3493,3
2932,1
1664,3
423,2
4387,3
2772,4
2184,2
2841,3
4365,4
4898,4
4500,4
7174,4
5526,4
3414,1
1776,4
4454,3
5949,1
6890,2
1691,2
4666,4
225,3
344,2
1687,2
3310,3
243,2
3093,2
2776,4
1596,1
1225,3
673,2
7490,3
6788,0
1130,3
1833,3
3377,3
1285,3
6941,4
885,4
5666,3
847,1
5697,2
5436,1
7539,2
1863,1
1774,2
765,1
6611,2
5363,2
7410,1
7312,4
4939,0
5650,2
237,4
5456,2
2598,3
5099,1
4655,2
4361,4
5944,1
4599,3
1967,1
1089,4
811,1
639,2
1112,2
4325,2
2644,2
5124,2
1705,4
1270,1
2707,0
3577,0
2804,4
966,0
5847,3
338,3
848,4
4531,0
3614,4
1349,1
568,4
3432,3
2895,2
2923,1
1929,3
6051,3
5004,2
700,1
6107,2
6878,1
2420,4
5180,2
3649,2
3819,1
1074,2
7426,1
7591,0
7511,1
3132,4
1696,2
945,3
2453,4
5689,2
4009,4
5885,4
2101,4
3530,2
1845,2
3481,3
3091,4
4318,0
4692,0
7310,4
4225,3
4088,4
1164,3
5972,4
1892,1
5694,4
4518,4
265,4
3128,3
5014,2
4996,0
3342,3
449,4
2219,2
2020,4
2716,2
1827,3
1899,3
1077,2
1041,2
2529,4
5998,0
1752,0
5204,3
4154,1
1211,4
5512,2
6231,3
6946,3
2666,3
6912,2
2615,0
3029,0
1539,3
6555,2
1243,4
7172,1
3488,2
3999,2
2521,3
1064,4
784,4
3611,1
2244,2
2201,1
1620,1
5937,3
1721,3
6768,2
2140,3
4252,0
2313,0
5479,4
3286,0
3597,0
6138,4
5889,3
1948,4
6473,1
2658,2
394,2
4475,4
7335,1
535,2
7077,1
1856,3
6228,4
6319,2
5763,4
7359,2
4332,2
5200,0
2676,4
2755,3
6738,4
6398,1
3359,3
3248,0
2034,4
6139,0
5706,4
3910,0
3706,1
1468,1
6316,3
3717,4
4906,4
4962,4
1946,2
6695,2
878,2
3929,0
2392,3
3748,0
5429,2
5172,2
439,3
1016,2
1291,1
4184,4
2709,1
3055,4
5420,4
1214,4
1932,3
4525,1
1704,2
4417,2
7411,4
3815,1
994,4
5432,4
1031,2
2404,2
7121,0
1252,4
1027,2
4027,3
3809,3
1142,4
1910,2
4960,1
1129,0
3511,0
7047,1
2520,3
4881,3
4613,2
6932,2
4670,4
5433,4
4272,3
6348,3
6465,1
3691,4
2581,2
6944,3
6794,1
4971,3
1442,4
562,4
320,3
5320,4
6840,4
2057,1
4092,0
2959,2
1789,1
488,4
6702,4
1580,4
7279,1
7555,2
5844,1
1842,3
3211,3
4951,3
352,1
2356,2
6419,4
160,1
6823,4
2649,2
1325,2
419,2
1118,3
737,2
5445,1
3231,4
956,3
7068,4
3844,4
1584,4
3088,3
2373,0
2511,3
4702,1
4247,2
3995,4
4776,4
5578,2
3732,3
2384,3
2787,3
498,1
7418,2
1202,4
6656,3
1614,4
4434,1
3588,0
337,0
3672,3
2624,3
4763,4
5764,4
7437,4
4117,4
3,3
902,3
5357,3
7466,4
4110,2
3923,3
7375,2
2641,2
6053,3
1723,3
6806,3
6573,1
1084,4
2379,4
1436,4
309,4
4554,4
5280,0
7199,4
3535,3
7488,1
6180,2
3438,1
6947,3
1730,1
2859,4
741,3
5791,3
7278,2
894,3
5845,3
2254,1
63,1
6980,3
5921,0
6134,0
6415,3
7107,4
7378,4
1377,2
298,4
4578,2
4919,4
4003,3
2611,2
6852,0
4822,3
1404,2
4056,2
740,3
455,4
3174,1
1206,4
5829,0
3902,2
3842,1
2802,4
3735,2
3788,2
6734,4
5126,3
1263,0
1165,4
1604,3
230,3
1139,1
1564,2
154,2
56,3
1192,1
785,3
6382,1
4236,1
7226,4
1834,0
4950,0
6013,4
6551,3
1666,0
7301,4
2120,4
5951,2
5480,2
6845,1
6464,3
1003,3
497,4
5687,3
3754,3
4405,4
4061,0
518,3
1204,1
2584,0
3127,3
6052,4
5427,3
1248,3
2733,4
1365,0
6641,3
3787,2
5385,1
1701,4
3233,3
6939,3
4657,0
77,3
7086,2
6849,0
2551,2
841,4
6613,4
6781,3
4756,1
6984,4
1673,4
2580,0
2179,3
5081,0
7148,0
3839,2
4214,4
5470,3
6226,0
4357,3
2091,1
914,4
2627,3
1765,4
1495,3
7594,1
6017,4
646,2
6491,3
4632,2
3980,1
7275,4
2564,3
1793,0
3828,0
6085,2
3734,3
4026,3
5798,4
7164,4
7290,0
5254,3
6924,4
6120,3
7233,2
6094,3
1229,4
157,2
6556,2
7146,2
4861,3
6253,1
1389,2
4016,1
317,3
5068,4
300,1
2845,4
6146,4
3495,2
3024,3
1559,1
6799,0
2002,4
5101,4
2439,0
389,2
388,4
6629,4
2388,0
3682,4
4305,2
4527,4
4258,0
1719,2
5608,4
5611,4
5563,2
6897,2
2597,2
491,2
5267,4
244,2
4346,4
1484,3
5880,0
7413,2
7142,0
3560,4
5548,4
5134,3
373,3
2490,4
1760,1
1459,2
4033,4
5556,3
16,4
6777,4
3854,4
2680,1
7133,3
5213,3
353,2
229,4
30,4
913,2
2688,2
3747,4
37,3
6474,1
1994,1
3502,1
1394,3
1785,4
4986,2
5794,4
6728,2
696,4
3554,0
3545,0
351,1
3087,4
250,0
1048,4
6431,4
3543,0
4218,4
1675,2
2844,4
2635,1
5884,1
257,3
2354,3
6312,1
6865,2
6787,4
7157,2
3133,2
2974,4
6982,2
3188,4
7229,0
5008,2
6162,1
2887,2
3739,2
7098,3
108,3
821,1
4732,2
7078,1
2889,2
2117,3
4627,0
6538,1
5442,4
2619,2
995,4
862,1
5565,4
4870,1
4231,0
1457,1
7092,3
6523,4
2585,3
4051,0
6903,4
6026,0
3398,3
164,0
2822,1
2383,4
1476,0
4927,3
5684,1
1658,3
3769,3
5281,1
2233,4
4866,4
6764,0
6341,0
744,2
6016,1
1849,2
2722,1
1519,2
78,4
6612,1
6362,3
1960,2
5997,3
6007,2
3956,3
4050,4
339,2
1401,2
6605,2
7039,4
2743,4
2320,3
2461,1
4630,2
7545,2
4314,3
4070,0
7586,1
7561,3
6247,2
3418,2
2700,4
3042,1
1441,3
1159,4
456,1
4148,4
6084,0
1953,2
6577,4
6000,2
7482,3
6923,3
5735,4
2576,1
599,4
6048,0
4256,3
179,1
5894,2
7032,4
5307,4
3321,2
1299,3
6378,4
3221,3
441,4
5958,2
1426,0
2142,1
2250,4
7131,4
2072,3
7072,4
3467,4
4073,3
7520,2
6321,4
3841,4
7276,4
2980,3
3595,1
6238,3
2984,3
1207,3
4567,1
4570,3
12,0
1116,2
915,4
905,0
1079,4
7101,2
3506,2
6643,4
3094,3
1353,3
3276,3
2882,3
4333,0
3563,3
5927,3
3888,1
1356,1
6829,3
1276,3
6339,1
846,1
1652,1
806,3
3346,3
3330,4
3631,1
7261,2
3363,3
36,0
4796,2
7091,2
734,3
5261,3
3642,2
2937,2
4833,1
5755,4
6276,1
2447,3
6486,2
1307,1
5487,4
955,1
5799,4
2638,4
4891,1
2435,1
6882,0
5644,1
3173,2
5053,1
6567,2
6998,4
7547,4
4834,1
2203,1
3269,3
2116,3
1819,4
6671,0
2560,4
2421,4
5473,3
5431,3
4868,0
2309,3
1125,3
5805,0
6861,4
5811,4
2269,4
2225,2
4064,1
1670,4
3374,2
7053,2
6426,0
7510,2
5328,4
3107,4
1154,3
285,2
2831,3
3908,1
2229,1
1057,2
6693,3
508,3
5623,2
291,1
548,2
5561,3
445,4
451,3
2378,4
3832,1
1843,1
5547,3
5837,4
7268,3
4310,4
5744,4
1835,2
3990,1
4388,2
2600,1
5452,4
4021,4
4918,0
515,4
4665,2
2850,4
4494,4
6296,0
4741,4
136,0
7500,0
4825,1
3979,3
2253,0
965,2
1058,1
1136,2
5087,3
5672,1
2040,2
7355,1
5192,3
6530,4
6887,4
2927,1
3389,4
7134,4
3487,2
4758,4
1533,3
1820,3
417,2
104,2
4412,3
2044,3
5043,4
4744,4
4293,1
4889,0
1844,4
4040,2
798,0
7013,4
5803,3
461,0
5601,1
6099,2
6603,3
7559,1
836,4
5817,2
6949,4
2607,3
6184,2
2415,1
1941,3
7303,0
3859,2
7433,1
1905,3
1831,1
3354,3
5497,3
6731,1
3002,3
4636,2
2797,4
6209,3
6453,2
2670,4
1461,0
592,2
5354,4
1158,3
5590,2
5447,4
4020,2
4453,1
4799,0
1491,1
898,4
4590,3
4408,1
4001,4
571,3
2397,0
2414,4
3564,3
581,1
1435,3
2444,2
694,2
1698,3
1445,4
2427,0
7257,3
511,4
7427,2
5416,3
4478,3
7196,3
6725,2
6517,2
2163,4
381,4
5140,4
3675,4
3840,4
5498,3
566,4
2487,1
6039,4
6314,2
1133,3
6472,2
7328,3
5051,3
7241,4
2667,2
366,4
6977,2
5044,2
3638,4
6076,4
6303,3
6933,1
940,2
6375,1
2265,4
1751,3
4608,3
714,0
4689,2
2304,4
5862,2
3008,3
5336,4
3334,3
751,4
6606,4
3463,2
4851,2
3573,4
5960,1
5536,4
401,0
2963,4
3058,2
7004,4
5187,0
2499,3
953,2
3500,3
6721,2
4486,1
4150,4
4797,0
1364,4
3268,2
2074,2
478,1
49,2
3401,1
6630,4
4555,1
6730,4
1797,3
4601,0
4793,3
1201,1
2553,2
3625,1
2991,3
6196,2
1657,4
5378,4
2193,3
7453,4
618,4
6367,1
896,2
927,3
5201,4
2656,1
5813,1
6294,1
3130,2
6401,1
2076,0
5182,1
1235,4
2768,3
5439,1
5306,4
5527,2
3596,3
2128,0
4827,4
1891,4
2326,2
910,3
316,4
4786,2
5418,1
6424,4
7388,4
5966,4
708,3
5842,1
2784,3
7274,4
4569,3
7333,0
5304,4
5736,4
4286,3
3635,2
3031,1
3685,3
7225,4
5013,4
5747,3
4966,2
74,3
7592,1
5948,1
5708,3
4339,1
539,1
752,2
2609,1
5686,1
5220,4
6333,4
2808,0
5036,1
504,2
6745,1
923,0
1366,2
7540,3
1904,2
672,4
3464,3
5377,3
5683,1
3993,2
4634,3
6023,1
900,4
4153,4
5162,4
469,2
3157,3
3299,2
7263,4
3319,1
4644,2
544,2
397,3
5294,2
3250,1
6143,2
6363,4
5620,4
2509,4
1486,2
5263,3
3952,4
1993,2
73,3
2960,4
3124,2
4253,1
2113,0
1748,3
3232,3
4019,2
3657,2
5120,3
6770,3
4981,3
2226,1
5367,2
3613,3
4846,1
1305,2
19,4
1051,2
5100,2
5544,3
3358,3
7291,3
195,1
6024,2
3327,1
1733,2
5926,3
1425,3
3423,3
3230,4
4664,0
520,4
3708,2
1157,1
3988,2
5094,2
2699,2
6200,1
6786,4
1463,3
3003,3
2978,4
5891,3
7075,1
2898,2
4929,4
5567,2
5665,3
7504,3
2303,4
6320,2
483,2
2559,2
7456,2
7528,3
6499,4
314,1
4283,3
1342,4
5491,1
1648,2
3131,0
2395,4
4973,2
7496,4
4207,2
4190,2
6313,3
5168,0
5825,3
4212,2
6678,3
5780,4
2682,1
503,3
3651,1
5277,4
1556,2
5105,3
3920,2
1327,2
1706,3
6566,2
5177,2
3479,4
2834,3
4440,1
4093,0
1185,1
1322,4
5591,3
2327,4
38,2
5337,1
3139,1
7454,0
4940,3
1859,4
129,1
1403,4
5637,4
1651,4
6762,4
6213,2
162,3
5989,3
3365,1
2216,1
4179,1
2222,1
4678,1
6241,3
4853,4
816,1
5775,2
6716,3
3759,4
5159,2
4723,2
1812,0
1421,3
7066,2
1888,2
2926,4
513,3
1464,3
3526,3
7043,3
6552,1
7071,2
4491,2
3322,2
3537,3
3255,3
4370,3
7573,4
1534,3
6118,3
3557,3
586,3
2786,0
7044,0
3102,2
3679,3
5907,4
1686,3
436,1
5728,2
1191,1
3792,0
3814,2
1565,3
3071,4
4430,4
6996,1
3797,3
3765,3
1950,3
2146,4
4385,4
5651,0
6236,4
6528,2
2114,2
1678,4
5866,4
7166,1
3416,2
3360,4
5770,0
7108,0
1443,2
3736,4
5257,3
3674,2
3786,1
362,4
7338,3
1554,1
3964,2
5206,4
7438,3
3826,1
1160,3
2936,3
3014,0
4698,2
4909,4
1912,4
2899,2
4351,2
1780,3
3307,3
4347,4
1180,4
4979,4
5516,3
6637,4
789,0
5515,2
4605,1
6292,3
5816,3
4032,2
4122,1
1623,0
5114,2
3381,4
4819,2
884,3
1062,4
7173,4
4131,0
6308,2
5737,1
4315,1
206,1
1259,2
3949,2
704,2
448,1
6812,4
5658,2
4596,3
2161,3
64,3
2694,4
2939,1
4420,0
2563,4
5821,1
6715,4
3326,4
3182,0
6439,2
5720,3
1804,1
3074,3
2771,2
1874,1
2679,4
1272,4
968,3
7179,2
3741,2
4558,4
4748,3
2489,0
7556,1
3752,4
5621,0
3292,0
3658,2
3955,4
3813,0
5359,4
2504,0
1080,3
7033,2
6445,3
2673,1
6545,4
6315,3
4348,1
6757,4
4144,3
6561,1
1373,3
3873,1
1120,1
6859,3
2971,2
5551,4
1861,2
29,4
6571,4
5879,4
1961,2
4338,4
6796,3
7424,2
4182,4
723,1
6074,4
4192,4
2646,4
1360,3
5104,0
4059,3
3257,1
3914,4
1737,3
1406,2
4875,2
1220,4
386,0
4696,3
3567,2
1855,1
490,3
6593,4
5789,2
577,4
6479,1
3256,2
146,3
7471,1
575,3
2749,1
2745,3
3632,1
3647,4
1782,3
5539,4
1710,1
572,4
3351,3
4034,0
1858,4
3581,4
3073,2
4882,3
3512,3
1627,4
3229,3
824,2
6290,3
1032,0
3282,1
4913,0
4217,3
4083,1
109,1
3918,2
2919,4
4472,0
4530,3
1639,4
3455,0
5396,3
6938,4
6377,2
7518,3
3721,2
1552,4
959,1
253,3
3344,2
5947,2
4366,2
2878,1
3671,1
3083,0
5481,1
6470,2
2516,4
2911,4
3812,3
4004,1
3644,3
4456,3
1654,2
5317,3
1073,4
7136,2
2311,1
1176,0
2011,4
6317,2
6033,3
1238,2
4216,3
3933,0
5007,3
4729,4
4138,1
681,3
5216,3
5197,3
2987,4
7532,4
2595,3
6373,4
7235,0
4029,4
1398,3
7237,0
3362,4
7447,0
2846,3
2055,3
7377,4
3072,3
4995,1
3015,2
4638,4
7436,4
3185,3
5175,0
1275,4
5519,2
2628,3
7200,2
4039,3
1113,4
612,3
1727,4
911,2
432,0
2470,4
3916,1
5358,4
6554,2
3948,1
6188,0
5746,1
1583,2
6826,2
514,0
5518,2
5326,1
193,4
4838,3
266,3
5039,3
893,0
487,4
21,1
2824,1
2966,4
3789,4
5520,4
3353,4
3404,2
951,1
5315,1
2049,3
2924,4
4817,3
5615,2
5341,0
6232,0
2346,4
4048,3
5324,2
2185,3
1146,3
2031,2
4747,1
4869,1
5582,2
1109,2
1931,4
4650,2
2122,3
6951,1
6455,0
1925,3
4274,4
5675,4
6452,3
1990,4
347,0
2558,3
3570,4
5890,3
858,0
3195,3
6747,1
4396,2
1826,3
84,3
6853,3
2510,2
7167,3
354,3
892,0
128,2
5827,3
3584,0
7073,2
1875,4
1006,1
6833,3
218,2
3222,4
835,4
1650,0
1890,2
2951,3
3452,1
3878,3
471,1
2554,1
3159,2
2765,3
2086,4
7389,1
5872,3
810,4
7030,1
31,2
7506,4
6147,2
731,1
2675,0
1311,0
2782,3
1351,4
6868,0
5185,1
5968,4
2770,3
7501,4
4591,2
2210,2
203,2
4082,2
1738,3
550,1
5674,2
4484,2
2187,1
7011,3
3684,3
3890,3
4855,1
7283,3
6471,0
3207,4
1977,3
5786,0
536,1
6334,2
590,2
5729,0
3125,3
2513,4
3618,2
3287,4
3247,4
2744,3
7408,1
4790,1
6892,1
393,3
4482,3
447,1
5576,3
6858,2
7384,3
6532,2
234,3
5058,4
2735,3
2659,0
2063,0
395,1
802,3
5911,4
797,3
4658,3
4467,1
4030,4
2355,3
5952,3
415,1
6719,2
5259,2
45,1
6346,2
5207,3
5840,2
2462,3
2842,1
819,2
2774,3
2431,2
6404,2
6495,0
500,2
3743,1
574,1
65,4
1811,2
4367,4
1205,2
467,3
5131,1
1781,4
3021,3
4355,4
6908,3
4771,1
845,4
4770,2
4798,4
636,1
657,2
6062,0
6838,4
2594,4
7247,0
5237,3
3013,3
5147,0
1682,2
7006,3
68,3
5103,3
3421,2
1937,3
6836,1
3434,4
2836,4
5792,4
3053,3
6463,4
7124,2
4837,3
6814,2
2050,4
2059,4
4321,4
1474,4
1326,4
718,4
5598,0
6871,1
7158,1
5973,3
5010,4
5075,4
7499,3
857,3
3038,4
5906,3
5035,1
7221,2
7497,2
2478,1
7113,2
44,3
5593,0
648,0
6173,4
3084,3
6031,2
2428,3
4018,1
6720,1
3793,1
3894,2
7307,2
7371,3
4384,3
3475,1
5609,0
5830,0
1114,0
3149,4
779,4
4988,1
7445,2
6978,4
1642,0
3028,4
613,4
5924,4
4586,3
7023,2
5710,4
2575,4
4499,2
6460,2
1957,3
1903,4
1371,3
6774,0
1610,0
4419,2
4166,2
7223,2
5774,2
674,1
4328,2
6272,4
7112,2
3253,4
7214,0
6054,4
2105,0
3062,2
4503,1
1600,2
2381,4
4102,3
5678,4
6638,3
986,4
3544,1
1013,2
7392,4
6003,0
2691,3
3626,3
5930,1
1453,0
6230,1
6119,3
4753,1
1735,1
1172,3
1513,4
171,1
7345,4
516,2
6520,2
1602,0
7060,0
6694,2
3439,4
3007,1
2183,0
739,2
6195,0
3302,4
4603,4
2312,2
759,3
2781,4
2541,0
42,3
1009,1
4537,4
4661,4
5899,1
4228,2
5734,0
5226,1
5236,4
2385,3
7525,4
1329,2
4300,1
6223,2
6519,1
5738,1
1886,2
1233,4
5788,1
6406,4
7218,4
947,0
147,4
7440,2
7587,2
5920,4
5654,3
3696,1
5873,1
135,3
3967,1
3305,3
6590,2
495,4
3858,3
4462,0
7334,4
6876,4
5897,2
5573,2
2543,3
4308,1
881,3
1448,1
7288,3
1385,4
1980,3
7554,1
2393,3
1626,2
2491,2
1527,3
3409,1
2151,4
2815,2
889,4
2024,4
2799,3
2851,3
442,1
2566,3
5016,1
5626,4
2526,3
1966,2
7342,4
6289,3
2156,1
3777,0
1497,2
6825,1
6900,2
6994,2
4957,0
668,3
971,3
7311,3
4606,4
3059,4
148,2
4836,4
1647,1
5071,2
5122,2
2812,2
6856,1
7460,4
5082,3
3429,4
1295,2
5286,0
2180,4
1645,3
4687,2
4352,2
5049,3
2295,4
4180,3
2118,4
1098,4
2868,3
4285,4
2048,3
3005,1
3715,4
106,2
2593,4
1671,4
1195,1
6163,2
7505,3
6430,1
3407,1
7187,4
4054,0
2403,1
7512,0
649,4
5474,4
4337,3
2407,0
3245,3
5824,3
6535,4
6958,2
1866,3
4854,3
2058,0
3160,1
6999,1
4959,1
5329,3
3947,3
6425,3
1410,2
70,0
1344,2
935,3
4813,1
5265,1
2621,4
6827,1
5486,4
4987,2
2696,3
5196,1
563,4
7050,2
6451,3
1053,2
7479,4
2021,4
3109,2
2090,0
7350,1
5834,3
7574,2
5756,0
7240,1
4081,1
7567,0
6287,0
2340,3
2596,2
4769,4
2574,2
5303,2
6448,4
5722,4
1924,4
5496,4
254,4
6069,4
2334,2
7178,4
549,3
3259,2
2405,1
3724,1
7478,0
2571,2
1467,0
2992,4
869,1
3697,0
321,4
5881,2
4211,2
4660,4
7450,4
3372,3
6771,1
1895,4
1694,4
489,2
2172,1
4221,3
2789,4
1067,4
1347,4
1318,3
4579,3
2981,3
1451,1
4301,4
1869,3
3137,3
1449,2
4239,2
2133,2
5079,2
5925,2
3963,4
3592,4
7285,1
2514,4
709,3
5646,3
1613,2
7161,1
2032,0
120,3
3082,2
3444,1
2082,1
3440,1
5434,1
1644,1
5993,2
933,2
4066,0
1877,1
3017,4
4067,2
1611,3
3571,1
4690,1
4523,2
4368,4
91,4
2129,1
4263,3
643,0
191,3
1496,3
7028,4
3316,4
5290,0
5494,2
624,1
3804,4
3406,0
712,2
4949,0
2363,3
5349,2
1162,4
6942,1
1680,4
6155,3
1970,4
6685,3
7062,4
198,4
3937,1
5977,4
1490,2
23,4
3122,3
6973,2
310,4
1772,4
6654,3
5188,4
6254,4
2144,3
5178,4
153,1
3431,4
1470,0
6642,1
2108,0
3749,4
6616,4
3172,2
3583,4
1586,2
1882,4
7016,1
3183,1
3802,4
466,1
2160,3
4158,2
2931,4
2369,2
4917,0
3355,2
979,3
2390,3
3090,0
1420,4
1979,2
194,1
4886,3
6547,3
5234,3
5375,0
6161,2
6722,1
5604,0
1625,1
1916,4
3976,1
4199,3
2527,4
829,3
3162,4
2452,3
6066,1
2955,1
4607,0
204,4
523,0
6330,2
2985,3
3694,1
2540,2
7551,1
1298,3
7366,1
4697,4
4132,2
290,4
2714,2
6565,2
6815,3
2214,2
585,0
1942,3
6215,2
5843,0
758,4
176,2
2134,4
5221,3
369,1
2451,3
2482,2
6097,4
4589,3
3648,1
6044,4
3925,2
2568,1
4322,1
6283,3
1545,0
3912,4
6131,2
2053,2
3361,4
1147,2
6954,1
2033,3
5933,4
4594,2
1321,1
2477,1
2713,0
1370,3
6262,2
7273,3
2125,0
1489,4
651,4
4438,1
2196,3
1734,2
6009,4
3539,3
408,1
938,2
1633,2
2374,2
2111,3
3224,3
1411,1
3629,4
479,1
4195,4
5540,3
6586,2
3415,2
4005,4
6983,0
1524,0
1494,0
3997,4
2081,4
5898,1
7585,4
2692,4
5584,1
4651,4
1363,2
5123,3
7341,4
7096,0
2377,3
5523,0
6277,3
7219,4
969,0
3634,1
7329,3
4098,2
3499,3
7336,0
3209,3
7242,4
7340,4
6527,4
5664,3
578,4
2738,3
150,1
4990,4
6402,4
6068,4
6704,3
1550,1
3380,0
4704,4
4152,3
834,4
7344,2
6877,1
3520,3
2712,3
4045,0
1969,3
1796,4
7562,0
5090,4
6202,0
3163,3
6736,4
7487,2
6309,3
6311,0
3178,2
3054,1
1897,0
634,2
1822,2
7565,2
5251,3
5585,3
7467,1
1324,0
2466,3
2038,1
5901,2
2449,4
3552,4
6510,2
170,1
3001,2
2141,3
2186,1
6680,4
5245,3
2104,3
5421,4
7262,4
1871,4
3447,1
6893,2
3548,4
2204,1
7526,4
738,0
5252,1
3347,2
72,4
3460,3
2115,2
872,3
1289,1
665,3
827,4
702,4
100,2
6560,4
4230,1
3982,2
6813,4
2333,4
1177,4
3399,3
931,0
3746,2
6821,0
3751,1
6135,4
4224,1
1988,3
1228,1
47,4
5325,1
766,4
4313,3
4888,4
4485,1
430,2
6976,0
252,4
7228,2
2455,3
5067,2
3079,4
6672,4
2173,4
6521,3
6110,1
11,1
6759,0
5711,4
2922,3
1178,4
2206,1
715,4
4238,1
2500,4
5661,0
6288,3
7560,4
2689,1
5371,2
3210,2
1019,4
3817,0
7523,4
7244,3
1987,0
2066,2
6435,4
4936,2
7475,2
5189,2
716,4
3454,4
2259,0
151,1
1269,4
2213,1
5648,4
820,2
1297,1
4914,4
3853,4
7483,0
46,0
1075,4
4118,4
807,0
6058,3
4656,2
1261,2
3356,4
6717,2
5670,2
3569,1
6514,4
6255,1
7325,3
1266,4
3607,1
6679,1
6928,4
2805,3
3904,2
7137,2
7322,2
2286,2
750,4
4662,3
5690,2
1226,1
304,3
6957,4
6831,3
2450,3
6395,3
6674,1
901,3
6498,2
7088,0
2098,4
5588,4
6174,1
2678,4
7316,3
1381,3
7347,1
962,4
6408,4
1054,2
3135,4
6150,3
1909,2
6335,2
3367,1
2338,2
1358,3
1167,4
2998,2
5136,4
4576,4
2949,1
5186,0
5003,4
2885,3
1865,0
4835,2
5575,3
6916,4
3413,1
4676,2
3469,2
4617,2
7217,4
7295,1
454,2
5955,4
5976,4
926,4
4614,0
936,3
3713,1
3733,1
2007,3
1689,4
3184,4
7481,1
7430,2
7516,2
4279,0
1570,4
6063,1
2726,4
6536,2
5024,4
5173,0
4963,1
5856,2
278,4
1337,3
2430,2
7431,2
984,3
4002,2
4267,1
7544,4
5905,1
7232,3
628,4
25,4
2171,2
5461,2
3004,3
3936,0
6322,1
1536,0
4934,2
3338,4
1264,2
6010,0
772,3
3223,3
1045,4
6100,0
1018,2
598,2
297,2
4200,3
3461,2
4377,1
6920,3
3825,4
7444,4
4674,3
3465,1
1662,1
1182,3
6497,4
4186,4
7065,4
4992,4
6170,1
867,2
7484,1
1042,4
3114,3
1640,3
921,0
7117,1
3659,2
86,1
4643,0
5405,2
2530,0
6780,2
2721,3
5680,4
2255,4
4459,3
24,4
4969,1
3978,1
5657,1
6965,4
4564,1
5027,2
3277,1
2884,4
1122,0
1763,2
5093,3
6433,3
2069,0
5663,2
6267,0
4583,4
4330,3
2734,0
4295,3
2912,3
5765,4
3974,3
273,1
6037,1
1779,1
4112,3
1547,4
1135,2
3617,2
1242,1
2245,4
6468,2
7266,4
7548,0
791,4
4977,2
698,2
7538,4
853,3
826,2
605,3
3654,1
7216,3
5334,4
663,1
5714,1
5057,1
6962,3
1174,3
3420,1
543,2
4807,4
305,3
228,4
3037,3
7552,1
3507,4
3875,0
376,2
6265,1
2531,3
2908,3
1331,4
6337,4
2901,1
6599,1
4327,1
5923,3
655,1
5091,3
1601,1
2967,4
679,4
6104,1
2382,4
41,4
3760,1
6766,3
4575,4
6492,1
895,2
6338,2
1532,2
6819,1
3531,1
6413,3
1638,3
5633,3
6789,1
6805,1
127,0
666,2
2590,2
611,2
7007,2
4722,4
2429,4
6437,3
411,3
3951,2
3546,4
2400,2
4358,1
4028,0
1037,3
7056,4
2968,4
3060,0
4386,3
4124,4
1255,0
7014,3
2150,1
6284,1
6703,4
57,2
5887,4
2017,0
7363,3
1703,0
6095,3
5351,4
7267,1
2715,2
4731,3
5148,4
5895,2
6970,2
5476,4
4717,3
6386,3
1918,0
2331,2
2690,4
7381,3
1646,1
2456,1
1968,3
1590,2
2731,3
5557,3
1975,2
2417,3
7205,1
4775,1
3800,3
2298,1
2025,2
997,1
3690,3
3146,3
1301,3
5404,2
4645,2
540,3
4421,3
5846,4
2798,2
214,3
3673,0
6364,0
5535,0
61,3
1008,3
2518,4
1852,2
6760,4
2154,1
5219,4
5988,3
3827,2
92,2
4956,0
1976,1
4623,3
2281,3
2051,3
414,0
220,4
6086,2
2801,0
410,3
2577,3
5364,2
5031,3
173,2
2319,2
6256,1
4369,1
4585,1
2282,2
7403,3
1839,2
792,1
1615,1
2446,3
177,0
650,2
3965,2
1330,3
5414,0
4509,4
2769,1
2158,1
5867,0
6365,4
3855,3
5741,4
3615,4
4425,0
1505,4
4000,4
2283,1
7395,3
4529,3
1293,2
5327,1
7465,1
6792,0
3295,2
5408,0
2197,3
1991,3
773,1
5616,2
1209,0
2861,2
3341,4
6623,4
534,4
7300,4
3994,1
3678,4
6769,4
3315,4
4878,4
3293,0
3198,1
5139,4
4336,3
7258,3
2616,4
6059,1
2589,2
6649,4
1001,2
7582,4
4925,4
52,0
6224,1
3718,4
5448,4
4089,4
3393,3
3663,3
1923,2
2099,2
5751,4
3966,3
5365,4
5477,3
1813,2
2221,1
60,1
3390,4
2103,1
957,1
5935,2
2100,3
4880,1
982,0
7213,0
4249,0
1790,3
6800,3
3600,2
3462,4
5400,3
602,4
6537,2
5785,2
1567,2
236,0
5466,3
5642,3
4730,4
837,2
5913,4
2089,3
2460,3
1744,3
5366,0
2181,2
2096,2
3086,4
4946,4
3527,2
5781,1
5346,4
5310,1
3689,4
7385,0
1093,0
3834,4
7061,4
4145,4
5167,3
5362,0
7168,4
919,3
5517,3
2299,0
7171,1
3056,4
1418,3
4079,0
4223,4
4750,2
116,1
616,4
4947,2
318,3
2873,3
5712,1
5752,0
5428,4
172,4
621,1
3147,3
231,3
3164,2
5859,2
3719,0
3950,2
4830,0
156,1
3108,3
404,4
4441,4
4832,4
5529,2
2274,4
5618,1
4746,2
5967,3
1939,4
4436,0
6914,1
6422,1
3924,1
2376,2
3373,0
2601,4
5624,2
2498,2
5217,1
3580,3
3097,3
2997,1
1690,3
2399,3
115,4
5719,2
3523,3
335,3
975,2
5115,2
6633,1
5790,3
5074,2
6681,0
240,2
3605,3
5321,2
4673,3
6261,3
5782,1
7292,2
5314,2
822,3
6660,2
6533,2
3601,4
1345,2
3264,3
4978,1
6387,3
3587,0
4864,2
5469,1
2539,4
6381,2
756,3
6478,4
2480,1
788,0
512,3
2652,4
7351,4
6919,4
5965,4
7122,1
6132,2
4162,2
1391,2
769,3
6458,4
4714,1
4103,2
4541,1
604,3
6851,3
2408,4
5555,1
0,3
5108,4
3641,3
180,4
1128,4
4788,2
6583,4
3791,3
1359,4
7368,2
1853,2
1028,2
5704,4
6281,4
4571,0
1431,1
6844,0
5228,2
4538,4
2750,4
2915,4
5042,2
3901,4
7234,1
7252,2
1161,4
2698,4
3818,0
6874,1
3106,2
6534,3
1304,4
2389,2
2681,0
6324,3
1104,2
5916,3
4044,2
117,4
7367,4
1571,3
4309,1
5693,4
3566,2
4751,0
5406,3
1720,1
2732,0
4163,2
4572,2
843,2
1896,1
2813,3
6875,3
2220,2
687,4
6647,3
2485,2
2325,0
315,3
6286,4
6142,1
2015,2
6282,3
814,3
849,0
1879,3
7162,4
4506,1
5005,1
3271,0
1919,0
3378,4
1560,2
6618,3
6030,3
7289,2
5707,3
2148,2
6675,4
6995,2
5154,4
2401,3
7269,2
3522,1
3519,2
2009,1
5807,4
59,3
4068,4
4547,1
2218,2
287,1
2109,4
50,4
5902,3
1152,4
356,3
4233,2
5725,3
182,2
2438,2
4998,3
6112,2
4343,1
660,4
6568,1
6504,3
2896,3
6807,2
3620,2
4912,3
5668,1
5110,2
475,2
5166,3
2209,2
5215,4
7035,1
4416,4
6830,2
3368,0
5272,3
6125,2
2251,3
2471,2
1033,3
4559,0
4371,3
5015,1
4086,2
7020,4
632,2
1280,0
7012,1
1056,4
7379,4
5629,1
3291,3
4965,3
6380,3
2669,3
2387,4
288,4
5957,4
4955,1
1302,2
5594,2
5417,4
4284,2
732,2
379,1
2273,4
2918,4
2934,0
5143,0
1761,0
1911,2
4296,1
3458,2
5698,4
5910,3
3258,1
3503,3
6070,4
1386,1
5614,2
600,3
3946,3
5289,4
3712,3
1141,3
5542,3
7522,4
4536,0
4489,2
7116,4
7578,2
6969,3
6266,3
1555,2
3805,2
3136,4
6098,3
7185,2
685,2
4299,4
5975,2
5118,0
438,4
2935,0
6990,0
1587,2
937,2
6307,2
1608,3
6881,1
444,3
7027,1
706,0
5635,3
4604,2
5435,2
4904,4
6526,2
5939,2
4942,4
3165,3
4340,3
6810,3
5256,3
2747,0
124,2
5033,1
2434,1
3954,0
6305,1
1437,4
4171,1
2591,1
7042,2
2194,4
4646,4
2890,3
1540,4
3780,4
1081,0
873,3
7083,4
3755,2
7177,0
6548,1
3473,4
2486,4
99,2
2825,2
6581,1
6366,2
1333,1
3306,3
521,4
4941,3
4326,2
1049,2
1867,3
5195,3
4458,4
227,3
2695,4
3799,3
2867,3
6804,0
6952,3
1171,3
1286,4
1829,4
560,2
1218,3
5987,2
2701,2
7159,1
4672,2
5244,3
4708,1
2208,1
5352,4
51,1
1282,0
1935,0
262,3
7570,4
4232,1
6562,2
1095,3
6847,1
145,2
1208,1
7414,4
446,2
1402,2
28,4
6469,1
3795,2
247,3
5127,1
3983,0
3989,1
464,4
1711,4
5478,4
168,2
2550,2
7470,3
7361,4
3199,4
6218,1
18,4
6617,2
2792,4
5823,4
4129,4
7120,4
5138,1
963,4
6032,4
6191,0
1649,1
1908,2
2060,3
3972,4
762,3
3251,2
6926,2
3636,3
7588,2
2278,4
5210,3
6582,0
4587,4
542,2
1312,4
767,2
5981,2
4510,2
2167,0
1050,4
3957,0
530,1
3830,2
2548,3
4629,4
5482,3
5144,2
428,3
2097,2
7502,3
4114,2
1574,0
6234,3
4431,3
5239,3
859,4
4139,1
6082,2
4428,3
1334,4
501,1
465,2
4307,4
6352,2
6129,3
5319,3
2565,3
5682,2
6883,4
3822,4
5732,4
4423,4
4513,0
7346,4
1466,3
431,3
223,1
7270,0
3117,4
5121,0
4477,4
3203,2
3709,1
5231,0
2502,1
2705,1
1387,1
4745,2
625,4
4682,2
1240,4
603,3
7459,4
6609,0
3517,0
4203,0
6190,3
1757,3
1885,4
7057,1
4624,2
6963,3
2231,0
3650,4
2285,3
1563,4
3303,4
5702,2
5089,2
626,4
1973,0
7457,4
5855,4
1193,4
3217,0
1732,0
7492,3
6866,0
510,4
5297,4
3630,0
2920,3
502,0
5437,2
1926,4
2739,2
4255,4
2648,2
2289,2
2538,1
8,1
1743,2
4974,4
75,3
1374,4
3357,1
5928,4
1438,0
2043,1
1543,0
1315,0
2323,4
4043,1
7382,3
567,0
6489,2
1921,2
5938,4
561,2
5193,3
2614,4
6128,3
517,3
5271,4
2854,1
5508,4
3486,2
6746,2
5553,4
6778,1
6584,3
5107,1
661,4
5343,4
5333,3
6251,4
2258,0
833,3
677,3
6837,2
3711,2
1414,0
6927,3
6038,4
2537,4
4754,3
6456,4
3864,3
5083,0
6428,1
4106,4
97,1
2517,1
6737,2
2260,4
1612,2
1348,3
3702,3
1203,1
6739,0
350,4
1440,3
904,3
4065,0
1515,4
6608,3
39,4
239,3
2661,0
6390,2
5801,2
2970,4
3621,4
2246,3
5745,1
5241,4
3992,0
433,4
4574,4
855,2
747,1
3835,2
7029,4
7489,4
5984,4
6657,4
6587,0
6360,2
3959,4
970,2
4659,3
4116,2
1847,2
4414,0
2088,3
4948,3
808,1
717,3
1143,0
7315,0
2110,2
2740,3
3589,4
5489,1
6056,3
3727,1
2794,1
375,4
1070,4
7535,2
1405,4
952,4
5454,2
5171,0
2829,1
4841,2
6300,3
7182,4
5250,2
6559,4
6540,2
4266,3
3820,4
2132,2
7314,3
5455,4
6910,4
5760,2
1722,4
111,3
4648,1
1983,3
1035,1
2826,4
2039,2
2192,1
6235,3
3497,4
5038,0
5041,3
1469,3
2071,4
474,4
5507,0
407,3
4254,4
6127,2
5632,3
4406,4
3865,0
2087,2
832,3
4573,0
5064,2
3836,3
6301,1
1667,1
5488,2
2497,3
4641,2
6943,4
6652,4
4452,2
7477,1
1156,3
1591,2
3889,4
4593,3
1521,3
4097,2
1132,0
2047,4
770,3
7530,1
496,0
4902,2
688,2
1124,0
5360,2
6857,1
7220,1
3981,0
1503,4
5209,0
4772,3
991,1
874,4
671,3
3213,4
1097,3
2177,3
1396,3
6454,2
2162,1
3405,2
5275,2
6385,3
293,4
6405,2
4172,0
7593,4
852,0
1096,4
6391,1
1982,3
6423,4
1339,4
7129,2
3098,3
690,3
2198,4
2567,2
6436,4
43,2
3011,1
5521,2
5953,3
2075,4
4893,1
7579,3
4849,4
4777,1
385,4
4334,4
5550,1
809,0
5422,4
6080,3
1100,4
5468,4
4584,4
2045,1
4524,4
6397,1
6661,1
4072,3
4791,0
2095,1
861,3
76,4
2762,2
4302,0
2625,3
3116,3
7245,0
5379,4
7576,2
5769,2
2947,3
1090,2
2925,0
6801,4
3427,0
3314,3
3246,3
161,4
355,0
5589,0
7094,2
7076,3
4410,1
4831,4
1558,3
2906,1
4071,1
6225,1
3337,0
5370,3
7022,2
2602,0
4784,4
6416,3
1609,4
2419,3
4466,4
2741,3
5409,1
5797,4
5238,3
6192,2
7194,1
1068,1
5679,0
2753,4
6936,4
2853,3
1179,1
7147,3
2525,4
6441,1
2592,3
6194,3
3885,2
6022,2
1530,3
2330,4
675,0
3782,4
733,2
5355,4
1525,2
5861,4
7180,3
6278,4
3891,1
5718,0
1502,3
1741,1
1816,4
3345,3
1169,3
7222,4
1087,4
7400,0
3919,3
5922,2
4432,3
2954,0
4885,1
591,3
3035,1
6116,3
5372,1
5538,1
6558,4
4094,0
6427,2
1115,2
6216,1
138,3
4505,1
506,4
7036,2
2409,4
1653,0
4602,2
2837,3
5279,0
3898,1
2519,4
4493,0
1832,4
2279,4
1198,4
2207,4
48,3
4381,2
5696,3
3492,4
6359,4
4119,4
1577,3
742,0
2988,2
4757,4
1663,3
620,2
5841,2
6073,2
7298,2
4815,3
2697,1
3921,4
2839,1
4196,2
4382,1
4976,0
924,3
1186,2
2542,3
5019,4
4735,3
5740,1
7324,3
6293,4
5652,1
6650,4
5157,1
2239,0
5776,0
7230,2
200,3
2078,2
4516,3
6210,1
2023,4
7227,2
875,3
4620,1
1456,1
4859,2
3386,4
593,4
6159,3
367,3
4848,1
7463,4
606,0
3768,2
4816,2
3619,3
5754,4
5931,3
2290,0
1883,3
1771,0
939,0
13,0
4208,3
4752,1
3382,4
327,1
1922,4
2350,2
3509,4
2674,4
6899,4
481,2
6462,0
5426,2
7031,3
4803,2
3725,2
4277,0
5643,4
2977,4
3395,3
5709,0
2982,1
2127,0
7097,2
3532,4
6569,3
7423,4
2056,0
4271,2
1002,4
6791,2
6816,4
553,4
3907,1
1684,4
20,2
4663,4
1148,3
3214,3
683,2
1798,2
209,4
4761,1
1168,2
5389,0
1799,3
3262,3
531,0
1482,0
3758,1
6383,0
3446,1
1729,3
5483,4
4701,4
3193,1
7513,3
1447,3
4930,3
4243,1
3594,4
5969,4
5002,3
2872,1
6743,4
3468,3
2579,4
5506,3
5514,1
4038,3
6323,3
5142,4
5097,2
5783,4
1354,1
2606,1
3311,3
7259,4
102,3
2864,0
4892,2
4222,2
6688,3
3494,1
5102,2
783,2
5771,4
1573,3
3298,3
1836,2
778,3
5423,3
2052,4
5999,4
7099,0
4091,1
1629,1
3379,1
5715,4
1531,4
815,1
189,1
4215,1
2366,2
425,0
4577,0
844,4
7045,4
5419,4
1340,4
4422,4
5183,4
4970,3
6175,4
6420,3
2375,4
4435,4
5868,1
5085,4
943,4
619,4
3942,0
2027,2
3958,4
1105,3
1944,0
7419,2
3529,3
5050,4
1472,4
3483,3
6027,3
6802,1
494,0
2237,1
4618,2
267,1
3067,3
4111,3
5941,1
2236,0
6396,4
7353,1
1548,3
1493,1
558,2
4794,2
4858,2
601,1
6580,0
3623,4
6658,4
3143,1
5065,2
6280,1
5194,1
5659,1
524,3
4288,4
4471,4
1452,4
359,1
1978,1
7282,1
5857,2
3228,1
7284,2
7442,0
1880,4
4903,3
4077,2
3745,2
5211,2
5088,1
4552,1
1747,2
4824,2
119,3
4035,3
4374,4
3886,3
6817,2
2094,4
4053,3
6018,3
4317,3
6753,4
7281,4
5338,3
2205,1
5504,1
4792,4
7253,4
4268,4
1940,4
3325,1
1617,3
5055,3
54,0
3969,3
670,1
1742,1
4205,3
5691,4
468,2
2270,1
3664,4
2175,2
2891,3
5069,3
805,4
5382,2
5603,1
2267,1
823,1
3896,4
589,4
3134,2
6966,4
4728,2
3922,4
5284,4
6496,0
6712,0
3394,3
6204,2
4821,2
2268,0
1217,3
2344,2
6862,2
703,0
286,3
6493,4
4483,1
3216,3
6165,0
6482,1
2190,3
825,4
1271,3
2875,3
2775,4
6475,4
5111,4
1736,0
6622,2
493,3
7080,2
5945,3
3270,4
1308,4
5558,3
7145,3
1473,2
5570,3
7387,4
2930,0
1379,4
1151,3
6157,0
4874,0
101,4
4778,4
2777,2
5778,3
4597,3
1685,1
1026,3
1619,3
3846,2
1241,4
4535,2
190,2
5622,3
5302,4
6729,1
1138,0
181,4
3272,2
6450,4
1900,0
2862,1
5546,1
459,3
4135,2
5964,0
5164,3
6733,3
6964,1
4165,3
4619,4
4928,2
5368,4
6557,3
4227,1
5742,4
2402,4
6708,1
1837,2
3411,3
2457,3
1726,2
525,0
3317,2
1361,2
2136,2
5460,4
6002,3
4561,0
4037,2
794,2
5387,4
1350,1
6756,0
1592,1
2351,3
400,3
1622,2
7563,3
2761,3
5870,2
7154,3
2138,3
6222,3
6332,3
5839,2
2650,0
3604,3
6342,3
2276,1
5339,4
6863,4
3738,1
3934,4
4550,0
7150,4
1958,4
5784,1
5169,4
4170,2
6219,2
4498,3
4733,1
6740,3
7339,0
4159,1
7309,3
1709,4
259,1
437,0
96,4
1805,2
4479,2
1795,3
2035,0
7139,4
3384,2
2315,1
7321,4
6240,3
6909,2
2459,3
1840,3
3046,4
2904,4
4856,2
5724,4
1392,4
6700,4
3899,3
2445,3
1273,1
6602,4
5994,3
1955,1
6972,1
5627,1
6199,2
4742,1
922,2
3961,0
6809,3
2503,4
1163,3
2972,2
656,1
1794,4
2515,2
3100,2
4188,1
3170,4
2247,4
3693,2
2685,3
2468,4
2227,1
396,2
7109,2
174,3
839,3
3234,2
5393,4
2248,3
4945,4
6356,3
6049,2
420,0
3716,1
264,1
6012,2
2093,0
7390,3
4737,4
2307,1
2016,3
6636,1
4563,1
6121,4
5586,0
2342,4
6207,3
5022,0
7494,3
1868,3
3771,3
983,2
4691,1
6706,0
3220,4
678,0
4063,1
2079,3
3737,3
4739,4
3457,4
4130,3
4675,2
1047,1
1749,0
2814,1
6400,1
5203,3
2687,2
384,3
5248,4
584,3
6168,2
6576,4
1424,4
1155,4
1823,4
3720,4
1715,0
4501,2
6985,1
2727,3
1166,0
5198,4
7024,3
3975,1
4136,2
6824,2
5288,0
4628,4
5205,3
6466,2
6243,0
4521,1
780,0
7135,0
7054,4
2546,4
4251,3
3849,3
7246,1
360,2
5852,2
1546,4
4418,2
2711,1
4865,4
3300,4
5040,3
1388,1
7286,3
103,1
7069,4
768,1
1134,1
1246,1
3608,4
6291,3
1099,2
2847,3
2655,1
1589,0
4177,4
6803,3
2832,2
4185,4
1728,2
2852,3
1528,4
4743,4
1676,1
1021,3
2723,4
2869,4
2262,1
3417,2
6001,2
3313,0
6950,3
1873,2
6115,2
2710,4
860,3
62,4
6034,1
2849,0
1594,1
4839,4
1034,2
764,1
557,0
5836,4
4926,2
7541,1
4985,2
4151,4
6071,3
113,3
2586,1
5462,3
1985,2
5264,1
6542,2
2746,1
5613,3
2636,4
2442,4
6353,3
7008,0
2874,4
7202,0
3762,2
2191,1
949,2
3095,4
6988,3
2677,3
5723,1
6682,1
349,0
2957,3
2958,4
5795,0
5543,0
5037,3
1999,3
6113,4
3757,1
4703,4
3986,3
5298,4
3391,2
1223,1
6968,2
7476,2
2818,4
82,2
5903,2
1111,4
1481,1
5449,3
202,2
5278,4
1947,1
1825,4
5458,2
2412,4
1108,2
361,2
1814,4
5034,3
974,4
5129,1
6340,1
3928,4
402,2
4017,3
6835,1
2367,1
1267,4
3436,0
5137,3
570,3
1281,1
4480,4
2036,2
6906,3
4710,1
5628,3
7452,0
505,1
5753,4
622,3
2654,4
1809,3
6515,2
4402,4
2871,0
7584,4
4820,3
3041,3
3695,4
682,3
840,1
5956,2
5163,0
3022,4
2879,0
1500,2
1,3
5017,3
6172,1
7143,3
5893,0
4883,2
6167,4
5883,2
5299,3
3061,2
7271,3
2029,2
3863,0
2840,3
7407,2
2634,4
3869,3
2440,3
5176,2
1509,4
3208,2
838,4
2228,3
6357,2
134,4
950,0
5287,3
2647,2
906,1
3831,2
2785,3
2857,3
3666,2
5815,1
6229,4
1578,4
5534,3
4495,3
6625,3
1597,4
4487,0
5233,4
1181,2
3450,0
3850,4
1753,4
583,4
1022,4
6884,0
7156,2
6350,3
2454,3
1123,4
3476,3
4625,3
2316,3
7429,2
3161,3
6509,1
7123,4
799,4
2147,4
1433,2
775,4
5946,4
2305,1
5701,2
2067,4
3410,3
2549,3
2143,1
2905,0
4800,4
5828,0
2938,4
2821,1
3882,1
5874,4
6374,4
4108,0
990,4
4528,1
7149,0
6997,2
2030,3
5308,4
6467,3
7207,1
6986,0
5559,0
3018,4
1986,4
3909,1
7543,4
2599,2
735,4
2756,4
2189,0
1230,0
211,4
5130,2
2107,3
7597,2
7474,3
5625,4
6371,3
3868,3
5820,2
1943,2
6197,3
1046,4
4363,1
372,4
4931,2
378,2
5832,3
4176,3
4789,1
1102,2
6092,1
6971,4
6913,2
653,4
3166,0
3590,4
1066,4
1434,0
2683,0
1310,3
2335,3
3549,2
5954,2
1290,2
4193,0
6417,4
6922,1
1876,2
5135,3
1767,2
2199,3
3474,1
6376,0
3180,2
3704,3
2999,4
4324,4
5929,4
5026,1
1278,2
2472,1
4811,2
2663,4
3236,4
4916,1
3628,4
1974,2
1044,3
6798,1
81,3
2008,1
4877,1
3304,4
3585,3
6434,0
4276,0
890,0
3861,3
630,4
1850,4
5305,0
6925,3
2264,4
6141,1
3466,4
1294,2
6689,2
4637,1
4899,4
6686,1
595,4
2653,0
7251,3
5509,2
4707,2
5485,0
5011,3
5463,4
6336,2
1487,3
2766,0
6960,3
4725,3
4502,1
4311,2
7509,4
3120,1
579,4
4142,3
3278,1
5638,4
6662,1
6543,2
4087,1
934,0
3422,4
903,4
6631,1
7063,3
6550,1
2062,1
6575,4
7571,2
6714,1
2623,2
4481,4
5345,1
3049,3
5322,2
3370,4
5484,4
1378,4
6260,1
5892,2
6855,4
5495,4
5501,2
4895,4
6220,4
2292,2
2494,3
4235,3
1972,4
241,4
3155,1
3991,2
6067,1
3829,2
2835,3
4924,4
729,1
1669,2
2706,0
2651,0
6640,3
2809,2
2605,2
2165,3
2522,4
4379,3
587,3
3428,1
2256,4
6667,2
4765,3
6989,3
2888,2
3385,4
888,1
208,4
10,1
4183,0
746,1
1338,4
1078,0
7439,1
2508,1
2806,3
958,4
5222,1
1561,2
89,4
2042,0
4010,2
3459,4
2306,3
7215,3
3126,2
4316,2
7472,4
2467,1
3547,1
6901,3
2820,2
2019,4
7,4
6541,3
6589,2
565,3
4156,3
2838,1
7264,1
3766,1
4862,4
2341,2
1175,4
4015,3
472,4
7462,3
345,2
3261,4
7254,4
2149,2
1065,1
2720,1
2759,3
4560,3
538,4
7074,3
4287,1
1413,2
6732,3
1981,3
4626,2
7208,4
6945,4
1707,4
6306,2
4876,1
2288,3
2252,1
1708,2
7189,2
98,4
4734,2
2578,4
4024,4
7144,3
192,3
3775,4
6867,1
5153,3
1824,0
3152,2
7383,2
6644,2
7364,4
4401,3
695,3
6646,4
3336,2
899,4
207,2
6345,3
2917,4
482,0
4598,3
693,2
6130,2
1055,1
4872,4
3324,1
2827,2
118,0
114,1
3525,3
7405,2
4718,4
1901,1
7569,3
4954,2
7575,1
4448,4
6414,3
3926,4
5274,1
3806,1
4867,4
3622,2
3513,2
1712,0
532,1
4248,0
5128,3
1787,1
6711,3
5733,2
6072,2
6911,2
5018,4
1300,4
1446,4
5499,4
6145,4
6772,4
2372,4
4863,0
6934,3
1841,1
1581,3
1244,1
526,4
719,4
7169,4
3960,4
6750,2
6102,3
233,3
1792,0
6931,4
3442,1
1514,2
3524,4
4463,0
4879,1
7550,0
6358,4
4943,3
4049,1
1717,2
1121,0
6182,2
7193,3
5974,3
941,0
5066,3
4042,3
5092,2
6250,4
2215,2
6075,3
2892,4
856,3
812,4
6937,4
3192,0
5399,4
3837,2
3448,2
4693,2
6297,1
294,1
6956,1
6595,2
1906,4
331,1
7000,4
4713,0
3115,4
854,2
1828,1
1274,2
4427,2
6607,1
2952,2
6187,2
1661,4
6248,1
152,1
3144,4
1430,2
5394,4
7038,3
5564,1
2,3
1801,2
6233,4
2178,4
6597,4
5397,2
6047,3
551,3
3692,4
4688,2
2302,4
6028,4
2561,0
4411,4
7128,0
6126,4
5052,2
664,4
112,4
1933,3
88,1
7527,3
1529,3
6392,4
2041,3
426,1
987,2
418,0
5877,4
6665,4
2425,3
275,3
2582,2
5309,2
6848,3
6578,1
757,2
7021,1
771,0
580,3
4724,2
5125,4
3655,3
7357,2
4173,2
5619,4
3175,2
1477,4
721,2
7599,3
4041,3
5149,2
2476,3
3383,2
6045,1
6275,0
2176,3
1997,1
973,3
7536,1
948,3
942,4
4226,4
4137,1
7521,4
7052,3
3761,2
4282,1
1894,3
5634,3
3301,4
4783,0
6741,3
4303,4
279,1
5579,3
5411,3
5000,1
5677,0
130,2
7195,1
3848,4
473,2
6506,0
1183,1
5812,4
6596,4
6421,3
5864,4
2807,2
377,3
5283,3
7119,3
686,3
5721,1
3598,3
1110,0
4581,2
7070,3
2479,4
3077,3
722,2
782,1
409,1
2492,1
5224,0
299,4
4711,2
5191,1
6953,0
627,1
6841,2
633,0
5109,2
4290,1
6242,3
1902,4
302,4
5444,4
5247,2
3931,2
7399,1
3482,4
2608,3
4887,0
5156,4
4157,2
14,2
6160,4
5119,4
554,3
1126,3
760,4
4557,3
2169,1
4766,2
2742,1
3320,1
4062,4
4076,3
5524,4
282,2
4245,1
5,2
5896,0
4804,3
5199,3
1020,1
960,2
6245,3
6014,0
4782,1
4679,2
5170,3
3151,3
4105,3
2336,4
2535,3
6684,3
5600,4
6041,2
1462,0
1624,2
26,3
3352,3
2296,2
4592,2
2212,1
17,3
2164,3
5045,1
1762,3
4006,4
2704,2
851,0
1323,4
4008,1
4812,3
3798,4
1025,2
5617,0
2725,3
6512,3
1213,3
701,4
541,4
5599,3
6615,0
4442,4
1517,0
4994,4
7508,1
3705,3
2484,3
6050,0
5063,4
4519,4
1699,4
2928,3
5641,4
1745,0
6639,3
3764,1
6885,1
1250,4
5549,4
1884,3
5181,4
6718,1
5492,0
4202,3
5402,0
6274,3
5258,3
3591,4
754,4
1810,4
5386,3
6549,3
3572,1
3201,2
462,0
6507,4
3050,4
7519,3
6481,1
333,2
3376,4
7170,3
6666,2
1511,4
2085,2
730,4
3652,4
6088,2
5793,0
3297,3
1949,3
1606,3
724,1
2796,3
4354,1
1754,2
1153,2
3036,1
3235,3
7165,1
6480,0
7019,3
3867,3
6109,4
2779,1
930,3
4905,0
3068,1
6724,4
5656,3
3568,0
3397,4
4460,4
4871,3
2902,3
2587,4
1864,1
7034,4
3906,3
1759,3
5602,2
2507,4
1119,4
5424,2
3241,1
4860,0
4544,3
2349,0
1251,4
463,4
6181,1
1952,3
15,2
3145,4
5669,2
1778,0
4250,4
4013,4
559,2
2833,2
2572,2
3810,3
2028,0
6690,3
7140,1
3677,2
3096,2
2364,1
6795,4
158,1
245,1
3081,4
7458,4
6494,3
1060,2
1522,0
6096,3
920,3
2137,1
3006,3
6299,4
2708,1
2495,4
4229,3
3289,4
1656,3
6046,3
5225,3
3239,4
4785,3
6773,2
617,2
1725,3
2719,2
594,4
1714,2
1808,0
3498,1
5269,3
3290,3
1758,4
3238,0
4109,3
2569,3
2780,2
7026,2
412,4
7160,3
5383,0
343,0
2800,0
2989,4
2152,3
6775,2
4107,2
1599,4
4492,4
6304,2
4749,4
7103,3
1245,4
7294,3
6993,0
1542,3
4415,4
4715,1
6476,4
4512,1
2182,0
3426,3
5662,4
5595,2
2358,1
5580,4
6105,4
3070,2
4095,2
2370,1
3419,4
6457,4
210,4
6483,4
1605,1
6025,1
5006,1
5676,4
5276,2
644,3
6843,2
3016,4
2686,3
3763,3
7485,2
4125,3
4964,3
7529,4
7352,2
6797,2
7090,3
5541,2
3485,3
6108,2
6981,0
1234,2
6651,4
2803,2
5061,3
2764,3
6263,1
2865,2
5630,2
2441,0
6974,2
6659,2
1412,4
7409,1
4115,2
5914,4
3437,4
5768,4
4393,4
886,1
7203,4
1367,3
5569,2
7265,4
6019,4
6959,4
4058,3
1313,3
5072,2
4445,1
6418,0
882,2
7015,2
2860,2
7002,4
4639,0
6257,4
5685,3
2665,1
7343,0
5472,3
1818,1
4012,2
4522,4
1920,1
2983,3
6029,3
5796,4
6409,1
390,1
217,3
5886,4
1951,2
3911,3
235,2
4341,4
5503,3
183,3
728,2
2243,0
4549,2
1007,3
692,1
1628,4
2962,2
929,0
5047,1
1576,2
2643,0
1258,3
5865,1
1184,2
3680,2
4767,4
1328,4
5312,1
5344,4
2944,1
2437,0
3943,3
6183,1
6205,4
999,1
2544,1
4280,1
1637,2
2424,1
7115,2
3078,0
1512,3
2275,2
1802,0
4546,0
3227,4
1091,2
5597,1
5152,0
2314,2
292,1
547,1
3206,4
5995,3
7260,3
918,3
6488,1
1995,1
6726,2
5179,4
7100,1
7486,1
608,4
5831,1
2217,4
1375,1
3200,3
3044,0
3627,3
5673,4
3740,0
6687,3
187,3
5464,2
4828,4
4025,3
2432,4
4968,4
3968,3
5054,4
2308,2
3935,2
748,2
7126,0
7498,4
1458,0
5581,2
4700,0
7517,0
2332,3
6355,0
7373,2
2512,2
1756,4
4826,1
4128,3
6752,4
1335,3
1569,3
6539,1
4705,1
3249,2
1400,1
387,3
1483,1
5132,4
6372,1
281,2
5749,2
3085,2
357,3
3101,2
1393,0
7212,2
5430,3
3043,2
2195,4
7127,1
406,2
2534,0
7370,2
6503,1
7005,4
4991,4
6411,4
790,3
989,1
2943,4
3551,1
3063,1
710,2
4984,3
4204,4
3612,0
1702,1
3156,0
149,0
755,2
7055,4
5560,2
6369,4
2811,4
2391,0
4444,4
3110,2
817,3
4213,3
2583,4
1508,0
3142,4
2817,3
6185,0
4755,4
3280,2
40,3
2986,2
4429,0
5800,3
4298,2
3052,1
4265,3
5025,4
3562,2
7596,3
6407,3
246,4
7248,0
6692,4
3112,3
424,3
1572,3
3318,3
3879,4
7404,1
1956,2
303,3
1516,0
5592,4
2170,4
5212,4
5640,1
1634,1
3576,0
328,4
271,1
5762,0
2242,3
2767,1
3400,3
3451,3
3884,4
3340,1
2006,2
7503,3
3703,0
422,1
5401,1
3774,3
6193,2
3538,3
4121,3
1770,1
2324,0
453,1
6784,2
5766,3
1692,2
5583,1
4795,1
3104,2
6042,1
4818,4
2557,4
745,3
295,4
4709,0
2294,1
5112,2
2632,3
1231,4
178,0
925,1
7280,1
1693,2
93,1
7010,0
1643,2
4390,3
3701,1
3288,4
1292,3
2026,2
573,2
7493,4
629,4
1936,3
6754,1
4809,4
6748,4
5552,4
6186,2
5253,0
3080,4
4920,2
3556,4
6412,1
831,4
5703,3
6888,2
6691,3
5296,4
4219,4
7064,4
4738,3
1830,0
2234,0
529,2
399,4
1236,4
964,0
5028,4
1415,3
6502,0
2573,4
4113,2
6705,0
5232,2
3866,4
141,1
5388,2
6601,3
7318,0
224,3
1655,2
2620,1
2465,4
3903,4
5502,3
6765,2
2816,2
6328,1
5912,3
199,3
175,4
4174,1
6723,4
159,3
5596,0
6987,1
697,0
6710,0
4075,1
4424,3
2830,3
3683,4
4394,3
3240,1
1817,4
2703,4
5380,3
3396,2
434,2
7425,3
2880,0
5869,4
5748,0
2718,3
1665,1
427,3
6178,1
623,4
2004,4
6239,0
4069,2
2232,2
5510,2
876,4
7155,4
7412,4
1076,2
6620,1
2877,1
1803,4
4508,4
2123,3
6410,1
2263,4
781,3
3707,4
5316,2
3940,2
2436,0
3838,4
4261,1
4890,3
6237,3
7087,4
4611,3
1595,4
3770,3
2894,3
3730,3
186,2
2933,3
2870,0
3606,2
392,1
2672,2
4304,4
5983,4
1930,2
4335,4
4802,1
1881,3
2819,4
142,2
1739,2
6735,2
3578,4
1200,4
4260,3
6594,1
2961,4
3516,2
476,3
615,4
6133,2
7348,1
263,4
637,3
2155,3
6621,3
4667,3
4726,4
967,3
6153,4
4181,0
1724,4
2135,2
4543,2
6152,4
4273,0
6444,2
1498,1
6490,2
4653,3
6114,3
4901,2
916,1
6513,4
258,3
4695,0
1082,4
4319,0
7152,4
6,2
4654,0
5695,4
6008,4
2914,4
3877,3
6285,4
1390,3
7428,1
4488,0
363,3
4398,4
3862,4
5457,4
332,3
3973,3
7531,4
6879,2
7009,4
3843,2
1088,2
6004,1
961,2
2523,3
4681,1
6198,0
2157,2
326,3
4980,2
4259,4
1478,3
928,4
251,3
5060,2
4187,4
2940,0
58,4
6895,1
635,1
3602,1
1140,2
4806,2
5500,0
4633,2
6459,2
2070,3
3646,4
1480,4
4036,3
1277,3
6907,1
1131,4
2345,1
2223,0
640,4
7163,1
1357,3
2843,2
4400,3
325,2
2022,1
4911,4
4457,3
7420,3
391,1
4451,3
2224,1
7132,2
4814,1
1380,2
2238,4
3944,4
1945,3
3852,0
1538,0
6111,1
3490,3
4850,4
336,2
4712,3
5660,1
3012,2
6707,4
996,3
6347,2
3803,2
7468,1
3778,4
1485,4
7313,1
1341,4
883,1
569,0
3123,1
272,2
3472,2
5730,1
5767,2
2758,2
2359,3
4721,1
3019,1
7249,3
813,1
6744,4
7059,3
6967,3
5979,4
1083,4
887,2
6343,3
7549,2
2913,4
2946,2
5440,1
576,0
3574,4
3514,2
6438,0
4443,3
6123,1
2956,4
1224,1
2684,4
4201,0
6992,0
